"Katalog";"Označení";"Označení změny";"Název";"Třídící znak";"Věstník vydání";""
78683;"ČSN EN 45020";;"Normalizace a souvisící činnosti - Všeobecný slovník";10101;"VI.07";""
72379;"ČSN EN ISO/IEC 17000";;"Posuzování shody - Slovník a základní principy";10106;"III.05";""
71905;"ČSN EN 1325-2";;"Slovník hodnotového managementu, hodnotové analýzy a funkční analýzy - Část 2: Hodnotový management";10120;"III.05";""
67126;"ČSN ISO 5127";;"Informace a dokumentace - Slovník";10162;"V.03";""
61241;"ČSN ISO 3534-3";;"Statistika - Slovník a značky - Část 3: Navrhování experimentů";10216;"III.01";""
85042;"ČSN ISO 3534-1";;"Statistika - Slovník a značky - Část 1: Obecné statistické termíny a termíny používané v pravděpodobnosti";10216;"IV.10";""
86143;"ČSN ISO 3534-2";;"Statistika - Slovník a značky - Část 2: Aplikovaná statistika";10216;"IX.10";""
75682;"ČSN EN ISO 9000";;"Systémy managementu kvality - Základní principy a slovník";10300;"IV.06";""
83318;"ČSN EN ISO 9000";"Opr.1";"Systémy managementu kvality - Základní principy a slovník";10300;"V.09";""
65905;"ČSN ISO 1087-2";;"Terminologická práce - Slovník - Část 2: Počítačové aplikace";10501;"XII.02";""
63471;"ČSN ISO 1087-1";;"Terminologická práce - Slovník - Část 1: Teorie a aplikace";10501;"XII.02";""
85885;"ČSN ISO 14050";;"Environmentální management - Slovník";10950;"VI.10";""
86749;"ČSN ISO 14050";"Z1";"Environmentální management - Slovník";10950;"IX.10";""
86808;"ČSN ISO 2041";;"Vibrace, rázy a monitorování stavu - Slovník";11400;"X.10";""
67233;"ČSN ISO 1925";;"Vibrace - Vyvažování - Slovník";11401;"VI.03";""
58760;"ČSN ISO 5805";;"Vibrace a rázy - Expozice člověka - Slovník";11402;"V.00";""
92705;"ČSN ISO 13372";;"Monitorování stavu a diagnostika strojů - Slovník";11470;"IV.13";""
75578;"ČSN ISO 15261";;"Systémy generující vibrace a rázy - Slovník";11471;"IV.06";""
88262;"ČSN P ISO/TS 80004-3";;"Nanotechnologie - Slovník - Část 3: Uhlíkové nanoobjekty";12003;"VI.11";""
73194;"ČSN ISO 13715";;"Technické výkresy - Hrany neurčitých tvarů - Slovník a označování";13205;"VI.05";""
72218;"ČSN EN 61360-5";;"Normalizované typy datových prvků s klasifikačním schématem pro elektrické komponenty - Část 5: Doplňky ke schématu slovníku EXPRESS";13720;"II.05";""
65925;"ČSN EN 61360-2";;"Normalizované typy datových prvků s klasifikačním schématem pro elektrické komponenty - Část 2: Slovníkové schéma EXPRESS";13720;"XII.02";""
71451;"ČSN EN 61360-2";"A1";"Normalizované typy datových prvků s klasifikačním schématem pro elektrické komponenty - Část 2: Slovníkové schéma EXPRESS";13720;"XI.04";""
93334;"ČSN EN 61360-2";"Z1";"Normalizované typy datových prvků s klasifikačním schématem pro elektrické komponenty - Část 2: Slovníkové schéma EXPRESS";13720;"VII.13";""
86282;"ČSN ISO 5408";;"Závity - Slovník";14001;"VII.10";""
89675;"ČSN EN ISO 12780-1";;"Geometrické specifikace produktu (GPS) - Přímost - Část 1: Slovník a parametry přímosti";14140;"XII.11";""
89677;"ČSN EN ISO 12781-1";;"Geometrické specifikace produktu (GPS) - Rovinnost - Část 1: Slovník a parametry rovinnosti";14146;"XII.11";""
89673;"ČSN EN ISO 12181-1";;"Geometrické specifikace produktu (GPS) - Kruhovitost - Část 1: Slovník a parametry kruhovitosti";14151;"XII.11";""
89671;"ČSN EN ISO 12180-1";;"Geometrické specifikace produktu (GPS) - Válcovitost - Část 1: Slovník a parametry válcovitosti";14156;"XII.11";""
81539;"ČSN EN ISO 8062-1";;"Geometrické specifikace produktů (GPS) - Rozměrové a geometrické tolerance tvarovaných součástí - Část 1: Slovník";14460;"IX.08";""
71331;"ČSN ISO 17724";;"Grafické značky - Slovník";18012;"X.04";""
92413;"ČSN ISO 17724";"Opr.1";"Grafické značky - Slovník";18012;"III.13";""
88715;"ČSN ISO 14817";;"Inteligentní dopravní systémy (ITS) - Požadavky na centrální datový registr ITS a datový slovník ITS";18204;"IX.11";""
82152;"ČSN ISO 14827-2";;"Inteligentní dopravní systémy (ITS) - Datová rozhraní mezi centry dopravních informací a řídicími systémy - Část 2: Datový slovník DATEX-ASN";18270;"XI.08";""
88645;"ČSN ISO 22951";;"Datový slovník a sada zpráv pro systémy nuceného přerušení světelné signalizace a přidělení priority pro vozy záchranné služby a veřejné dopravy osob (PRESTO)";18274;"VII.11";""
81778;"ČSN ISO 17687";;"Inteligentní dopravní systémy - Obecné řízení vozového parku a provoz komerční nákladní dopravy - Datový slovník a soubory zpráv pro elektronickou identifikaci a monitorování dopravy nebezpečných materiálů/zboží";18310;"IX.08";""
61514;"ČSN ISO 6811";;"Kulová kluzná ložiska - Slovník";23501;"IV.01";""
60421;"ČSN ISO 5593";;"Valivá ložiska - Slovník";24601;"XII.00";""
83527;"ČSN ISO 5593";"Amd.1";"Valivá ložiska - Slovník";24601;"VI.09";""
71580;"ČSN EN ISO 7369";;"Potrubí - Kovové hadice a montáž hadic - Slovník";28301;"II.05";""
84916;"ČSN EN ISO 2080";;"Kovové a jiné anorganické povlaky - Povrchové úpravy, kovové a jiné anorganické povlaky - Slovník";38006;"XII.09";""
73221;"ČSN EN ISO 17659";;"Svařování - Vícejazyčný slovník termínů svarových spojů se zobrazením";50008;"VI.05";""
85328;"ČSN EN ISO 17677-1";;"Odporové svařování - Slovník - Část 1: Bodové, výstupkové a švové svařování";52610;"III.10";""
93384;"ČSN EN ISO 25239-1";;"Třecí svařování s promíšením - Hliník - Část 1: Slovník";52801;"IX.13";""
80615;"ČSN EN ISO 14644-6";;"Čisté prostory a příslušná řízená prostředí - Část 6: Slovník";125301;"II.08";""
76801;"ČSN EN ISO 23953-1";;"Distribuční chlazený nábytek - Část 1: Slovník";142741;"X.06";""
91063;"ČSN EN ISO 23953-1";"A1";"Distribuční chlazený nábytek - Část 1: Slovník";142741;"VIII.12";""
65134;"ČSN EN ISO 14539";;"Manipulační průmyslové roboty - Manipulace s předměty pomocí uchopovacích modulů svíracího typu - Slovník a uvádění charakteristických vlastností";186510;"VII.02";""
83460;"ČSN EN ISO 11145";;"Optika a fotonika - Lasery a laserová zařízení - Slovník a značky (ISO 11145:2006)";192000;"VII.09";""
74721;"ČSN EN ISO 11807-2";;"Integrovaná optika - Slovník - Část 2: Termíny používané pro klasifikaci";193002;"XII.05";""
74722;"ČSN EN ISO 11807-1";;"Integrovaná optika - Slovník - Část 1: Základní termíny a symboly";193002;"XII.05";""
74720;"ČSN EN ISO 14880-1";;"Optika a fotonika - Pole mikročoček - Část 1: Slovník";193003;"XII.05";""
74572;"ČSN EN ISO 15902";;"Optika a fotonika - Difraktivní optika - Slovník";193004;"XI.05";""
75770;"ČSN EN ISO 7998";;"Oční optika - Brýlové obruby - Seznam ekvivalentních termínů a slovník";195100;"V.06";""
92369;"ČSN EN ISO 13666";;"Oční optika - Brýlové čočky - Slovník";195109;"IV.13";""
77322;"ČSN EN ISO 18369-1";;"Oční optika - Kontaktní čočky - Část 1: Slovník, třídění a doporučení pro označení vlastností";195202;"III.07";""
83696;"ČSN EN ISO 18369-1";"A1";"Oční optika - Kontaktní čočky - Část 1: Slovník, třídění a doporučení pro označení vlastností";195202;"VIII.09";""
92368;"ČSN EN ISO 11979-1";;"Oftalmologické implantáty - Nitrooční čočky - Část 1: Slovník";195300;"IV.13";""
62758;"ČSN EN ISO 10360-1";;"Geometrické požadavky na výrobky (GPS) - Přejímací a periodické zkoušky souřadnicových měřicích strojů (CMM) - Část 1: Slovník";252011;"IX.01";""
68315;"ČSN EN ISO 10360-1";"Opr.1";"Geometrické požadavky na výrobky (GPS) - Přejímací a periodické zkoušky souřadnicových měřicích strojů (CMM) - Část 1: Slovník";252011;"IX.03";""
85551;"ČSN EN ISO 445";;"Palety pro manipulaci s materiálem - Slovník";269006;"III.10";""
60202;"ČSN ISO 830";;"Kontejnery - Slovník";269339;"XI.00";""
85261;"ČSN ISO 4306-1";;"Jeřáby - Slovník - Část 1: Všeobecně";270000;"III.10";""
15463;"ČSN 27 0005";;"Ilustrovaný slovník jeřábů a těžkých zdvihadel";270005;"III.94";""
15474;"ČSN 27 4010";;"Slovník elektrických výtahů, pohyblivých schodů a chodníků";274010;"III.94";""
74213;"ČSN EN 14478";;"Železniční aplikace - Brzdění - Všeobecný slovník";284001;"XII.05";""
15814;"ČSN ISO 4092";;"Cestné vozidlá. Diagnostické sústavy pre motorové vozidlá. Slovník";300041;"V.94";""
58665;"ČSN ISO 8815";;"Letectví a kosmonautika - Elektrické kabely a kabelové svazky - Slovník";311714;"XI.00";""
63724;"ČSN EN ISO 8384";;"Lodě a lodní technika - Bagry - Slovník";320120;"IV.02";""
77273;"ČSN EN 13551";;"Plavidla vnitrozemské plavby - Slovník";320130;"XII.06";""
71571;"ČSN EN ISO 3715-1";;"Lodě a lodní technika - Pohonná zařízení lodí - Část 1: Slovník geometrie vrtule";324570;"XI.04";""
79626;"ČSN EN 62261-1";;"Televizní METADATA - Část 1: Struktura slovníku metadat";367555;"X.07";""
76994;"ČSN EN 61925";;"Multimediální systémy a zařízení - Systémy domácího multimediálního serveru - Slovník domácího serveru";368612;"XI.06";""
90193;"ČSN EN 62605";;"Multimediální systémy a zařízení - Multimediální e-publikování a e-knihy - Formát výměny pro e-slovníky";368618;"III.12";""
61095;"ČSN ISO/IEC 2382-34";;"Informační technologie - Slovník - Část 34: Umělá inteligence - Neuronové sítě";369001;"IV.01";""
63382;"ČSN ISO/IEC 2382-18";;"Informační technologie - Slovník - Část 18: Distribuované zpracování dat";369001;"II.02";""
63992;"ČSN ISO/IEC 2382-5";;"Informační technologie - Slovník - Část 5: Zobrazení dat";369001;"VIII.02";""
63993;"ČSN ISO/IEC 2382-4";;"Informační technologie - Slovník - Část 4: Organizace dat";369001;"IX.02";""
63994;"ČSN ISO/IEC 2382-7";;"Informační technologie - Slovník - Část 7: Programování počítačů";369001;"IX.02";""
82701;"ČSN ISO/IEC 2382-36";;"Informační technologie - Slovník - Část 36: Výuka, vzdělávání, výcvik";369001;"III.09";""
58373;"ČSN ISO/IEC 2382-31";;"Informační technologie - Slovník - Část 31: Umělá inteligence - Strojové učení";369001;"V.00";""
60645;"ČSN ISO/IEC 2382-32";;"Informační technologie - Slovník - Část 32: Elektronická pošta";369001;"III.01";""
60728;"ČSN ISO/IEC 2382-8";;"Informační technologie - Slovník - Část 8: Bezpečnost";369001;"III.01";""
60737;"ČSN ISO/IEC 2382-29";;"Informační technologie - Slovník - Část 29: Umělá inteligence - Rozpoznávání a syntéza řeči";369001;"II.01";""
60738;"ČSN ISO/IEC 2382-15";;"Informační technologie - Slovník - Část 15: Programovací jazyky";369001;"II.01";""
85169;"ČSN ISO/IEC 27000";;"Informační technologie - Bezpečnostní techniky - Systémy řízení bezpečnosti informací - Přehled a slovník";369790;"V.10";""
74936;"ČSN EN ISO 14532";;"Zemní plyn - Slovník";385500;"I.06";""
79945;"ČSN ISO 16020";;"Ocel pro betonářskou výztuž a předpínání betonu - Slovník";420013;"XII.07";""
62354;"ČSN EN ISO 3252";;"Prášková metalurgie - Slovník";420049;"VII.01";""
79723;"ČSN ISO 23718";;"Kovové materiály - Mechanické zkoušení  - Slovník";420300;"X.07";""
86652;"ČSN ISO 11323";;"Železné rudy a přímo redukované železo - Slovník";441500;"IX.10";""
74584;"ČSN EN ISO 7088";;"Rybí moučka - Slovník";467001;"XII.05";""
67944;"ČSN ISO 5681";;"Zařízení na ochranu rostlin - Slovník";470011;"VIII.03";""
75550;"ČSN EN 1001-2";;"Trvanlivost dřeva a materiálů na bázi dřeva - Terminologie - Část 2: Slovník";490001;"IV.06";""
76827;"ČSN ISO 4046-2";;"Papír, lepenka, vlákniny a souvisící názvosloví - Slovník - Část 2: Názvosloví výroby vláknin";500010;"X.06";""
77294;"ČSN ISO 4046-1";;"Papír, lepenka, vlákniny a souvisící názvosloví - Slovník - Část 1: Abecední rejstřík";500010;"XII.06";""
77295;"ČSN ISO 4046-5";;"Papír, lepenka, vlákniny a souvisící názvosloví - Slovník - Část 5: Vlastnosti vláknin, papíru a lepenky";500010;"XII.06";""
77172;"ČSN ISO 4046-3";;"Papír, lepenka, vlákniny a souvisící názvosloví - Slovník - Část 3: Názvosloví výroby papíru";500010;"XI.06";""
77191;"ČSN ISO 4046-4";;"Papír, lepenka, vlákniny a souvisící názvosloví - Slovník - Část 4: Druhy papíru a lepenky a zpracovaných výrobků";500010;"XII.06";""
64346;"ČSN EN 235";;"Tapety - Slovník a značky";503405;"VII.02";""
84834;"ČSN EN ISO 5492";;"Senzorická analýza - Slovník";560030;"XII.09";""
82137;"ČSN ISO 10185";;"Tabák a tabákové výrobky - Slovník";569520;"X.08";""
60787;"ČSN ISO 3493";;"Vanilka - Slovník";580200;"I.01";""
79611;"ČSN ISO 3493";"Z1";"Vanilka - Slovník";580200;"X.07";""
81215;"ČSN EN ISO 8330";;"Pryžové a plastové hadice a hadice s koncovkami - Slovník";635402;"IX.08";""
92866;"ČSN EN ISO 472";;"Plasty - Slovník";640001;"VI.13";""
64244;"ČSN EN 12944-1";;"Hnojiva a materiály k vápnění půd - Slovník - Část 1: Všeobecné termíny";654800;"V.02";""
64245;"ČSN EN 12944-2";;"Hnojiva a materiály k vápnění půd - Slovník - Část 2: Termíny vztahující se ke hnojivům";654800;"V.02";""
69699;"ČSN EN 12944-3";;"Hnojiva a materiály k vápnění půd - Slovník - Část 3: Termíny vztahující se k materiálům pro vápnění půd";654800;"III.04";""
75090;"ČSN ISO 12231";;"Fotografie - Elektronické snímání statického obrazu - Slovník";666901;"II.06";""
85350;"ČSN EN ISO 10991";;"Mikroprocesní inženýrství - Slovník";704600;"IV.10";""
65244;"ČSN 73 0001-3";;"Navrhování stavebních konstrukcí - Slovník - Část 3: Ocelové konstrukce";730001;"IX.02";""
67982;"ČSN 73 0001-5";;"Navrhování stavebních konstrukcí - Slovník - Část 5: Dřevěné konstrukce";730001;"IX.03";""
67048;"ČSN 73 0001-1";;"Navrhování stavebních konstrukcí - Slovník - Část 1: Spolehlivost a zatížení konstrukcí";730001;"V.03";""
67049;"ČSN 73 0001-2";;"Navrhování stavebních konstrukcí - Slovník - Část 2: Betonové konstrukce";730001;"V.03";""
66305;"ČSN 73 0001-7";;"Navrhování stavebních konstrukcí - Slovník - Část 7: Geotechnika";730001;"V.03";""
61807;"ČSN EN ISO 9488";;"Solární energie - Slovník";730300;"VIII.01";""
82316;"ČSN EN ISO 9346";;"Tepelně vlhkostní chování budov a stavebních materiálů - Fyzikální veličiny pro přenos hmoty - Slovník";730554;"XII.08";""
88725;"ČSN EN ISO 13943";;"Požární bezpečnost - Slovník";730801;"VIII.11";""
67727;"ČSN EN 12216";;"Okenice, vnější a vnitřní clony - Terminologie, slovník odborných výrazů a definice";746024;"VIII.03";""
79065;"ČSN EN 1085";;"Čištění odpadních vod - Slovník";750160;"IX.07";""
85241;"ČSN ISO 6107-3";"Amd.1";"Jakost vod - Slovník - Část 3";750175;"III.10";""
85240;"ČSN ISO 6107-8";"Amd.1";"Jakost vod - Slovník - Část 8";750175;"III.10";""
86225;"ČSN ISO 6107-1";;"Jakost vod - Slovník - Část 1";750175;"VII.10";""
85127;"ČSN ISO 6107-6";;"Jakost vod - Slovník - Část 6";750175;"II.10";""
85128;"ČSN ISO 6107-5";;"Jakost vody - Slovník - Část 5";750175;"II.10";""
82898;"ČSN ISO 6107-2";;"Jakost vod - Slovník - Část 2";750175;"IV.09";""
88029;"ČSN  ISO 6107-7";;"Jakost vod - Slovník - Část 7";750175;"IV.11";""
58653;"ČSN EN 12832";;"Charakterizace kalů - Využití a odstraňování kalů - Slovník";750178;"V.00";""
63883;"ČSN P ENV 13712";;"Poštovní služby - Formuláře - Harmonizovaný slovník";760101;"II.02";""
83746;"ČSN P CEN/TS 15873";;"Poštovní služby - Otevřené standardní rozhraní - Formát datových souborů adres pro generování slovníku OCR/VCS";760731;"VIII.09";""
83142;"ČSN EN 15707";;"Analýza tiskových médií - Slovník a požadavky na služby";761801;"V.09";""
76269;"ČSN EN 14943";;"Přepravní služby - Logistika - Slovník";762000;"VIII.06";""
75132;"ČSN EN ISO 19952";;"Obuv - Slovník";795601;"II.06";""
64415;"ČSN EN ISO 4921";;"Pletení - Základní pojmy - Slovník";800013;"VII.02";""
68714;"ČSN EN ISO 8388";;"Pleteniny - Druhy - Slovník";800014;"I.04";""
67351;"ČSN EN ISO 105-A08";;"Textilie - Zkoušky stálobarevnosti - Část A08: Slovník termínů používaných při měření barevnosti";800195;"VI.03";""
81125;"ČSN ISO 2424";;"Textilní podlahové krytiny - Slovník";804402;"VI.08";""
73082;"ČSN EN ISO 1968";;"Textilní lana a provaznické výrobky - Slovník";808510;"V.05";""
91999;"ČSN EN ISO 4007";;"Osobní ochranné prostředky - Ochrana očí a obličeje - Slovník";832400;"XII.12";""
73258;"ČSN 83 2700";;"Ochranné oděvy - Slovník";832700;"VI.05";""
66087;"ČSN EN ISO 13731";;"Ergonomie tepelného prostředí - Slovník a značky";833545;"XII.02";""
77255;"ČSN ISO 11074";;"Kvalita půdy - Slovník";836150;"I.07";""
66089;"ČSN EN ISO 4135";;"Anestetické a respirační přístroje - Slovník";852100;"I.03";""
77001;"ČSN P ISO/TS 11139";;"Sterilizace výrobků pro zdravotní péči - Slovník";855256;"XI.06";""
89081;"ČSN EN ISO 1942";;"Stomatologie - Slovník";856305;"IX.11";""
77600;"ČSN ISO 12637-1";;"Technologie grafické výroby - Slovník - Část 1: Základní termíny";883001;"I.07";""
90982;"ČSN EN ISO/IEC 19762-3";;"Informační technologie - Automatická identifikace a techniky sběru dat - Harmonizovaný slovník - Část 3: Radiofrekvenční identifikace (RFID)";977126;"VIII.12";""
92270;"ČSN ISO/IEC 19762-2";;"Informační technologie - Automatická identifikace a techniky sběru dat (AIDC) - Harmonizovaný slovník - Část 2: Opticky čitelná média (ORM)";977126;"III.13";""
92783;"ČSN EN ISO/IEC 19762-1";;"Informační technologie - Automatická identifikace a techniky sběru dat (AIDC) - Harmonizovaný slovník - Část 1: Obecné termíny vztahující se k AIDC";977126;"VI.13";""
89955;"ČSN EN ISO 19126";;"Geografická informace - Pojmové slovníky vzhledů a registry";979845;"II.12";""
87930;"ČSN EN ISO 19146";;"Geografická informace - Mezidoménové slovníky";979846;"IV.11";""
"Katalog";"Označení";"Označení změny";"Název";"Třídící znak";"Věstník vydání";"datum";""
65905;"ČSN ISO 1087-2";;"Terminologická práce - Slovník - Část 2: Počítačové aplikace";10501;"XII.02";""
63471;"ČSN ISO 1087-1";;"Terminologická práce - Slovník - Část 1: Teorie a aplikace";10501;"XII.02";""
68212;"ČSN ISO 15188";;"Směrnice pro management projektu normalizace terminologie";10504;"IX.03";""
69198;"ČSN ISO 704";;"Terminologická práce - Principy a metody";10505;"II.04";""
71561;"ČSN ISO 12616";;"Terminografie zaměřená na překlad";10506;"XI.04";""
71856;"ČSN ISO 16642";;"Počítačové aplikace v terminologii - Systém pro značkování terminologie";10507;"I.05";""
75637;"ČSN ISO 12200";;"Počítačové aplikace v terminologii - Strojově snímatelný formát pro výměnu terminologie (MARTIF) - Dohodnutá výměna";10508;"V.06";""
87374;"ČSN EN 13306";;"Údržba - Terminologie údržby";10660;"II.11";""
64858;"ČSN 01 1600";;"Akustika - Terminologie";11600;"II.03";""
69196;"ČSN ISO 13473-2";;"Popis textury vozovky pomocí profilů povrchu - Část 2: Terminologie a základní požadavky vztahující se k analýze profilu textury vozovky";11678;"XII.03";""
91892;"ČSN EN ISO 10209";;"Technické výkresy - Terminologie - Termíny vztahující se k technickým výkresům, definici produktu a související dokumentaci";13101;"II.13";""
86519;"ČSN EN ISO 26909";;"Pružiny - Terminologie";13210;"VIII.10";""
76993;"ČSN 01 3705";;"Terminologie v oblasti informační struktury, dokumentace a grafických značek";13705;"XI.06";""
57960;"ČSN EN 1330-2";;"Nedestruktivní zkoušení - Terminologie - Část 2: Společné termíny pro metody nedestruktivního zkoušení";15005;"I.00";""
58388;"ČSN EN 1330-1";;"Nedestruktivní zkoušení - Terminologie - Část 1: Všeobecné termíny";15005;"III.00";""
68446;"ČSN EN 1330-10";;"Nedestruktivní zkoušení - Terminologie - Část 10: Termíny používané při vizuální kontrole";15005;"IX.03";""
73707;"ČSN EN 1330-7";;"Nedestruktivní zkoušení - Terminologie - Část 7: Termíny používané při zkoušení magnetickou metodou práškovou";15005;"VIII.05";""
80014;"ČSN EN 1330-11";;"Nedestruktivní zkoušení - Terminologie - Část 11: Termíny používané při rentgenové difrakci polykrystalických a amorfních materiálů";15005;"XII.07";""
90647;"ČSN EN 16018";;"Nedestruktivní zkoušení - Terminologie - Termíny používané při zkoušení ultrazvukem technikou phased array";15005;"V.12";""
86112;"ČSN EN ISO 12706";;"Nedestruktivní zkoušení - Zkoušení kapilární metodou - Terminologie";15005;"VI.10";""
86213;"ČSN EN 1330-4";;"Nedestruktivní zkoušení - Terminologie - Část 4: Termíny používané při zkoušení ultrazvukem";15005;"VII.10";""
90487;"ČSN EN 16016-1";;"Nedestruktivní zkoušení - Radiografické metody - Počítačová tomografie - Část 1: Terminologie";15036;"IV.12";""
81773;"ČSN ISO/TR 24098";;"Inteligentní dopravní systémy - Architektura systémů, taxonomie a terminologie - Postupy pro vývoj plánů instalace ITS pomocí systémové architektury ITS";18201;"IX.08";""
81777;"ČSN ISO 24531";;"Inteligentní dopravní systémy - Architektura systémů, taxonomie a terminologie - Využití XML v normách ITS, datových registrech a datových slovnících";18202;"IX.08";""
82427;"ČSN EN ISO 14814";;"Dopravní telematika - Automatická identifikace vozidel, zařízení a nákladů - Architektura a terminologie";18339;"I.09";""
92577;"ČSN EN ISO 17261";;"Inteligentní dopravní systémy (ITS) - Automatická identifikace vozidel, zařízení a nákladů - Architektura a terminologie intermodální/multimodální přepravy";18340;"IV.13";""
75907;"ČSN P CEN/TS 15213-1";;"Dopravní telematika - Část 1: Pokrádežové systémy pro navracení odcizených vozidel - Referenční architektura a terminologie";18360;"IX.06";""
88650;"ČSN ISO 1891";;"Spojovací součásti - Terminologie";21003;"VIII.11";""
64097;"ČSN EN ISO 14588";;"Trhací nýty - Terminologie a definice";22305;"III.02";""
15502;"ČSN 03 1000";;"Prevodovky s ozubenými kolesami. Terminológia";31000;"III.94";""
68118;"ČSN EN 13622";;"Zařízení pro plamenové svařování - Terminologie - Termíny používané v  plamenovém svařování";50015;"IX.03";""
59639;"ČSN EN 12584";;"Vady při řezání kyslíkem, laserem a plasmou - Terminologie";53402;"IV.01";""
86234;"ČSN EN 15270";;"Hořáky spalující pelety pro kotle malých výkonů - Terminologie, požadavky, zkoušení, značení";61231;"VII.10";""
92127;"ČSN EN 303-5";;"Kotle pro ústřední vytápění - Část 5: Kotle pro ústřední vytápění na pevná paliva, s ruční a samočinnou dodávkou, o jmenovitém tepelném výkonu nejvýše 500 kW - Terminologie, požadavky, zkoušení a značení";75303;"I.13";""
69337;"ČSN EN 303-1";"A1";"Kotle pro ústřední vytápění - Část 1: Kotle pro ústřední vytápění s hořáky s ventilátorem - Terminologie, všeobecné požadavky, zkoušení a značení";75303;"I.04";""
80526;"ČSN EN ISO 10286";;"Lahve na plyny - Terminologie";78301;"II.08";""
74374;"ČSN EN ISO 21007-1";;"Plynové lahve - Identifikace a značení s použitím vysokofrekvenční technologie - Část 1: Referenční struktura a terminologie";78512;"II.06";""
70963;"ČSN EN 12792";;"Větrání budov - Značky, terminologie a grafické značky";120001;"V.07";""
87429;"ČSN EN ISO 13349";;"Ventilátory - Terminologie a kategorizace";122001;"I.11";""
80027;"ČSN EN 14799";;"Filtry pro čištění vzduchu - Terminologie";125000;"XII.07";""
90998;"ČSN ISO 29464";;"Zařízení pro čištění vzduchu a jiných plynů - Terminologie";125300;"VIII.12";""
81893;"ČSN EN 736-3";;"Armatury - Terminologie - Část 3: Definice termínů";133001;"IX.08";""
74847;"ČSN EN 60534-1";;"Regulační armatury pro průmyslové procesy - Část 1: Terminologie pro regulační armatury a všeobecné požadavky";134510;"I.06";""
59837;"ČSN EN 61512-1";;"Dávkové řízení - Část 1: Modely a terminologie";182001;"X.00";""
82297;"ČSN EN 62264-1";;"Integrovaný systém podnikového řízení - Část 1: Modely a terminologie";182002;"XII.08";""
66244;"ČSN ISO 841";;"Systémy průmyslové automatizace a integrace - Číslicové řízení strojů - Souřadnicový systém a terminologie pohybu";184303;"I.03";""
58300;"ČSN EN ISO 9787";;"Manipulační průmyslové roboty - Souřadnicové systémy a terminologie pohybů";186503;"II.00";""
69443;"ČSN EN ISO 15367-1";;"Lasery a laserová zařízení - Metody měření tvaru laserového svazku - Část 1: Terminologie a základní aspekty";192025;"VI.04";""
88422;"ČSN EN ISO 8624";;"Oční optika - Brýlové obruby - Měřicí systém a terminologie";195101;"VIII.11";""
63695;"ČSN ISO 11090-2";;"Obráběcí stroje - Podmínky zkoušek vyjiskřovacích strojů na zápustky (EDM) - Terminologie a zkoušky přesnosti - Část 2: Stroje se dvěma stojany (typ s pohyblivou hlavou a typ s křížovým stolem)";200370;"V.02";""
63694;"ČSN ISO 14137";;"Obráběcí stroje - Podmínky zkoušek drátových vyjiskřovacích strojů - Terminologie a zkoušky přesnosti";200371;"V.02";""
88488;"ČSN ISO 8695";;"Tvářecí nástroje - Střižníky - Přehled a terminologie";226330;"VII.11";""
89956;"ČSN EN ISO 772";;"Hydrometrická měření - Terminologie";259300;"II.12";""
84103;"ČSN EN 415-1+A1";;"Bezpečnost balicích strojů - Část 1: Terminologie a klasifikace balicích strojů a souvisících zařízení";267600;"IX.09";""
61029;"ČSN ISO 5053";;"Motorové manipulační vozíky - Terminologie";268801;"IV.01";""
58155;"ČSN EN 12674-1";;"Rozvážkové vozíky - Část 1: Terminologie";269820;"II.00";""
74079;"ČSN EN 1907";;"Bezpečnostní požadavky na osobní lanové dráhy - Terminologie";273002;"X.05";""
80373;"ČSN EN 15144";;"Zařízení pro zimní údržbu - Terminologie - Termíny pro zimní údržbu";277402;"II.08";""
87596;"ČSN ISO 7135";;"Stroje pro zemní práce - Hydraulická lopatová rýpadla - Terminologie a obchodní specifikace";277450;"I.11";""
72577;"ČSN ISO 15219";;"Stroje pro zemní práce - Lanová rýpadla - Terminologie a obchodní specifikace";277451;"V.05";""
80256;"ČSN EN 15429-1";;"Zametače - Část 1: Klasifikace a terminologie";277452;"IV.08";""
88088;"ČSN ISO 6747";;"Stroje pro zemní práce - Dozery - Terminologie a obchodní specifikace";278047;"V.11";""
82936;"ČSN EN 15436-1";;"Zařízení pro údržbu servisních a provozních prostor silnic - Část 1: Terminologie";278048;"III.09";""
72586;"ČSN ISO 21467";;"Stroje pro zemní práce - Horizontální směrové vrtačky - Terminologie a obchodní specifikace";278267;"V.05";""
64933;"ČSN EN 13447";;"Elektricky poháněná silniční vozidla - Terminologie";300251;"IX.02";""
93036;"ČSN EN ISO 18542-1";;"Silniční vozidla - Normalizovaná terminologie informací o opravě a údržbě (RMI) - Část 1: Obecná informace a definice případu použití (ISO 18542-1:2012)";304445;"VIII.13";""
85041;"ČSN EN 15532";;"Jízdní kola - Terminologie";309001;"IV.10";""
67955;"ČSN 31 0001";;"Letectví a kosmonautika - Terminologie";310001;"V.05";""
64505;"ČSN EN 13701";;"Kosmické systémy - Terminologie";310505;"VI.02";""
76430;"ČSN EN 3708-005";;"Letectví a kosmonautika - Systémy modulového propojení - Systémy připojení terminálů - Část 005: Rámy s příslušenstvím pro vyměnitelné moduly zpětné vazby, utěsněné a neutěsněné - Norma výrobku";311821;"XI.06";""
76431;"ČSN EN 3708-004";;"Letectví a kosmonautika - Systémy modulového propojení - Systémy připojení terminálů - Část 004: Vyměnitelné moduly zpětné vazby, neutěsněné - Norma výrobku";311821;"XI.06";""
76432;"ČSN EN 3708-003";;"Letectví a kosmonautika - Systémy modulového propojení - Systémy připojení terminálů - Část 003: Vyměnitelné moduly zpětné vazby, utěsněné - Norma výrobku";311821;"XI.06";""
76437;"ČSN EN 3708-002";;"Letectví a kosmonautika - Systémy modulového propojení - Systémy připojení terminálů - Část 002: Specifikace výkonu";311821;"XI.06";""
76438;"ČSN EN 3708-001";;"Letectví a kosmonautika - Systémy modulového propojení - Systémy připojení terminálů - Část 001: Technická specifikace";311821;"XI.06";""
77819;"ČSN EN 14255-4";;"Měření a hodnocení osobních dávek při vystavení inkoherentnímu optickému záření - Část 4: Terminologie a veličiny používané při měření dávek-UV, viditelného a infračerveného záření";360036;"VI.07";""
67423;"ČSN 36 8601";;"Audiovizuální technika - Terminologie digitálního signálu";368601;"IX.03";""
67075;"ČSN ISO/IEC 20060";;"Informační technologie - Specifikace architektury otevřeného terminálu (OTA) - Specifikace virtuálního stroje";369832;"V.03";""
62957;"ČSN ISO/IEC TR 15044";;"Informační technologie - Terminologie domácího elektronického systému (HES)";369977;"XII.01";""
15028;"ČSN ISO 7504";;"Analýza plynů. Terminologie";385501;"XII.93";""
87956;"ČSN EN ISO 28460";;"Naftový a plynárenský průmysl - Instalace a zařízení pro zkapalněný zemní plyn - Propojení tankeru se CNG terminálem a provoz terminálu";386650;"IV.11";""
88849;"ČSN EN ISO 28460";"Opr.1";"Naftový a plynárenský průmysl - Instalace a zařízení pro zkapalněný zemní plyn - Propojení tankeru s terminálem a provoz terminálu";386650;"VIII.11";""
89086;"ČSN EN 1846-1";;"Požární automobily - Část 1: Terminologie a označení";389301;"X.11";""
63983;"ČSN ISO 1213-1";;"Tuhá paliva - Terminologie - Část 1: Termíny vztahující se k úpravě uhlí";441319;"VI.02";""
60234;"ČSN EN 12325-3";;"Zavlažovací technika - Pivotové a čelní zavlažovače - Část 3: Terminologie a třídění";474020;"XI.00";""
63512;"ČSN EN 13635";;"Zavlažovací technika - Lokalizované zavlažovací systémy - Terminologie a údaje dodávané výrobcem";474050;"IV.02";""
75354;"ČSN EN 1001-1";;"Trvanlivost dřeva a materiálů na bázi dřeva - Terminologie - Část 1: Seznam ekvivalentních termínů";490001;"III.06";""
75550;"ČSN EN 1001-2";;"Trvanlivost dřeva a materiálů na bázi dřeva - Terminologie - Část 2: Slovník";490001;"IV.06";""
62788;"ČSN EN 12775";;"Desky z rostlého dřeva - Klasifikace a terminologie";490004;"IX.01";""
69705;"ČSN EN 13756";;"Dřevěné podlahoviny - Terminologie";490005;"III.04";""
72923;"ČSN EN 14076";;"Dřevěná schodiště - Terminologie";490008;"IV.05";""
60095;"ČSN EN 313-2";;"Překližované desky - Klasifikace a terminologie - Část 2: Terminologie";490013;"X.00";""
89379;"ČSN EN ISO 12625-1";;"Tissue papíry a tissue výrobky - Část 1: Všeobecný úvod do terminologie";500371;"I.12";""
88818;"ČSN 56 0634";;"Ryby a vodní živočichové - Terminologie";560634;"VIII.11";""
74401;"ČSN 63 0002";;"Gumárenská terminologie";630002;"XI.05";""
66635;"ČSN ISO 1998-5";;"Ropný průmysl - Terminologie - Část 5: Doprava, skladování, distribuce";656000;"V.03";""
66641;"ČSN ISO 1998-6";;"Ropný průmysl - Terminologie - Část 6: Měření";656000;"VIII.03";""
66642;"ČSN ISO 1998-99";;"Ropný průmysl - Terminologie - Část 99: Rejstřík";656000;"VI.03";""
66643;"ČSN ISO 1998-7";;"Ropný průmysl - Terminologie - Část 7: Různé termíny";656000;"V.03";""
60169;"ČSN ISO 1998-1";;"Ropný průmysl - Terminologie - Část 1: Suroviny a produkty";656000;"IX.01";""
60170;"ČSN ISO 1998-2";;"Ropný průmysl - Terminologie - Část 2: Vlastnosti a zkoušky";656000;"IX.01";""
60171;"ČSN ISO 1998-3";;"Ropný průmysl - Terminologie - Část 3: Průzkum a těžba";656000;"IX.01";""
60172;"ČSN ISO 1998-4";;"Ropný průmysl - Terminologie - Část 4: Rafinace";656000;"IX.01";""
61600;"ČSN EN 12597";;"Asfalty a asfaltová pojiva - Terminologie";657000;"VIII.01";""
78834;"ČSN EN 15529";;"Deriváty z pyrolýzy uhlí - Terminologie";658000;"VII.07";""
87530;"ČSN EN 15947-1";;"Pyrotechnické výrobky - Výrobky zábavní pyrotechniky, kategorie 1, 2 a 3 - Část 1: Terminologie";668300;"I.11";""
92486;"ČSN EN 16261-1";;"Pyrotechnické výrobky - Výrobky zábavní pyrotechniky kategorie 4 - Část 1: Terminologie";668301;"III.13";""
92484;"ČSN EN 16256-1";;"Pyrotechnické výrobky - Divadelní pyrotechnické výrobky - Část 1: Terminologie";668302;"III.13";""
93733;"ČSN EN ISO 14451-1";;"Pyrotechnické výrobky - Pyrotechnické výrobky pro použití ve vozidlech - Část 1: Terminologie";668303;"IX.13";""
84917;"ČSN EN ISO 28199-1";;"Nátěrové hmoty - Hodnocení vlastností nátěrových systémů v závislosti na způsobu nanášení - Část 1: Terminologie a příprava zkušebních vzorků";673131;"II.10";""
85652;"ČSN EN ISO 28199-1";"Opr.1";"Nátěrové hmoty - Hodnocení vlastností nátěrových systémů v závislosti na způsobu nanášení - Část 1: Terminologie a příprava zkušebních vzorků";673131;"VI.10";""
73593;"ČSN EN ISO 8130-14";;"Práškové nátěrové hmoty - Část 14: Terminologie";673151;"VII.05";""
72245;"ČSN EN 764-1";;"Tlaková zařízení - Část 1: Terminologie - Tlak, teplota, objem, jmenovitá světlost";690004;"II.05";""
93040;"ČSN EN 14564";;"Nádrže pro přepravu nebezpečného zboží - Terminologie";699001;"VIII.13";""
66512;"ČSN EN 12670";;"Přírodní kámen - Terminologie";721402;"IV.03";""
84900;"ČSN EN 14618";;"Umělý kámen - Terminologie a klasifikace";721449;"I.10";""
82716;"ČSN EN 1094-1";;"Žárovzdorné výrobky izolační - Část 1: Terminologie, klasifikace a metody zkoušení žárovzdorných izolačních vláknitých výrobků";726080;"I.09";""
80935;"ČSN EN ISO 9229";;"Tepelné izolace - Terminologie";727000;"VI.08";""
82337;"ČSN P ISO 6707-1";;"Pozemní a inženýrské stavby - Terminologie - Část 1: Obecné termíny";730000;"I.09";""
85549;"ČSN 73 0020";;"Terminologie spolehlivosti stavebních konstrukcí a základových půd";730020;"IV.10";""
72308;"ČSN 73 0540-1";;"Tepelná ochrana budov - Část 1: Terminologie";730540;"VI.05";""
89342;"ČSN 73 1289";;"Terminologie v oboru pórobetonu";731289;"XI.11";""
88246;"ČSN 73 6200";;"Mosty - Terminologie a třídění";736200;"VII.11";""
87605;"ČSN EN 1317-1";;"Silniční záchytné systémy - Část 1: Terminologie a obecná kritéria pro zkušební metody";737001;"II.11";""
69201;"ČSN EN 523";;"Hadice z ocelového pásku pro předpínací výztuž - Terminologie, požadavky, řízení jakosti";742880;"XII.03";""
67727;"ČSN EN 12216";;"Okenice, vnější a vnitřní clony - Terminologie, slovník odborných výrazů a definice";746024;"VIII.03";""
71752;"ČSN EN 12519";;"Okna a dveře - Terminologie";746032;"XI.04";""
60681;"ČSN EN 12433-1";;"Vrata - Terminologie - Část 1: Typy vrat";747014;"II.01";""
60682;"ČSN EN 12433-2";;"Vrata - Terminologie - Část 2: Části vrat";747014;"II.01";""
80141;"ČSN EN 13119";;"Lehké obvodové pláště - Terminologie";747200;"XII.07";""
66845;"ČSN 75 0101";;"Vodní hospodářství - Základní terminologie";750101;"IX.03";""
82818;"ČSN 75 0101";"Z1";"Vodní hospodářství - Základní terminologie";750101;"IV.09";""
61483;"ČSN 75 0102";;"Vodní hospodářství - Terminologie v hydromechanice";750102;"VI.01";""
85352;"ČSN 75 0110";;"Vodní hospodářství - Terminologie hydrologie a hydrogeologie";750110;"IV.10";""
82819;"ČSN 75 0120";;"Vodní hospodářství - Terminologie hydrotechniky";750120;"VI.09";""
16797;"ČSN 75 0145";;"Meliorace. Terminologie v pedologii";750145;"XII.94";""
58914;"ČSN 75 0146";;"Lesnickotechnické meliorace - Terminologie";750146;"VIII.00";""
80793;"ČSN 75 0150";;"Vodní hospodářství - Terminologie vodárenství";750150;"V.08";""
92177;"ČSN 75 0150";"Z1";"Vodní hospodářství - Terminologie vodárenství";750150;"II.13";""
81756;"ČSN 75 0161";;"Vodní hospodářství - Terminologie v inženýrství odpadních vod";750161;"X.08";""
92176;"ČSN 75 0161";"Z1";"Vodní hospodářství - Terminologie v inženýrství odpadních vod";750161;"II.13";""
83833;"ČSN P CEN/TS 99001";;"Podpora podnikání - Podpůrné služby poskytované malým podnikům - Terminologie, kvalita a provádění služby";761001;"VIII.09";""
70411;"ČSN EN ISO 18513";;"Služby cestovního ruchu - Hotely a ostatní kategorie turistického ubytování - Terminologie";761101;"VI.04";""
69434;"ČSN EN 13809";;"Služby cestovního ruchu - Cestovní agentury a cestovní kanceláře (touroperátoři) - Terminologie";761201;"I.04";""
81802;"ČSN EN 15602";;"Poskytovatelé bezpečnostních služeb - Terminologie";761701;"IX.08";""
93066;"ČSN EN 16310";;"Inženýrské služby - Terminologie popisující inženýrské služby pro budovy, infrastrukturu a průmyslová zařízení";763301;"IX.13";""
93067;"ČSN EN 16311";;"Inženýrské služby - Terminologie popisující inženýrské služby pro průmyslové produkty";763302;"IX.13";""
74060;"ČSN 77 0001";"Z1";"Obalová technika - Terminologie";770001;"IX.05";""
16978;"ČSN 77 0002";;"Balicí stroje. Terminologie";770002;"I.95";""
61737;"ČSN EN 13193";;"Obaly - Obaly a životní prostředí - Terminologie";770003;"VI.01";""
68630;"ČSN EN 14182";;"Obaly - Terminologie - Základní termíny a definice";770004;"XI.03";""
85113;"ČSN EN 12374";;"Obaly - Flexibilní tuby - Terminologie";770010;"I.10";""
69040;"ČSN EN ISO 15867";;"Středně velké obaly (IBC) pro jiné než nebezpečné zboží - Terminologie";770614;"XII.03";""
63070;"ČSN EN 12481";;"Samolepicí pásky - Terminologie";770860;"XI.01";""
62387;"ČSN 77 1002-2";;"Balení - Rozměrová koordinace - Část 2: Terminologie";771002;"VIII.01";""
89532;"ČSN EN 15987";;"Usně - Terminologie - Základní definice pro obchod s usněmi";790015;"XII.11";""
67759;"ČSN EN 13360";;"Textilie povrstvené pryží nebo plasty - Terminologie";804632;"VII.03";""
70273;"ČSN EN 374-1";;"Ochranné rukavice proti chemikáliím a mikroorganismům - Část 1: Terminologie a požadavky na provedení";832310;"V.04";""
78373;"ČSN EN 13832-1";;"Obuv chránící před chemikáliemi - Část 1: Terminologie a metody zkoušení";832520;"IV.07";""
58025;"ČSN EN 1070";;"Bezpečnost strojních zařízení - Terminologie";833000;"IV.00";""
83831;"ČSN EN 614-1+A1";;"Bezpečnost strojních zařízení - Ergonomické zásady navrhování - Část 1: Terminologie a všeobecné zásady";833501;"VII.09";""
63497;"ČSN EN ISO 9241-1";"A1";"Ergonomické požadavky na kancelářské práce se zobrazovacími terminály - Část 1: Obecný úvod";833582;"XII.01";""
58476;"ČSN EN ISO 9241-12";"Opr.1";"Ergonomické požadavky na kancelářské práce se zobrazovacími terminály - Část 12: Zobrazení informací";833582;"II.00";""
59344;"ČSN EN ISO 9241-14";;"Ergonomické požadavky na kancelářské práce se zobrazovacími terminály - Část 14: Vedení dialogu s použitím menu";833582;"VI.00";""
59345;"ČSN EN ISO 9241-16";;"Ergonomické požadavky na kancelářské práce se zobrazovacími terminály - Část 16: Vedení dialogu pomocí přímé manipulace";833582;"VII.00";""
63056;"ČSN EN ISO 9241-4";"Opr.1";"Ergonomické požadavky na kancelářské práce se zobrazovacími terminály - Část 4: Požadavky na klávesnice";833582;"X.01";""
58411;"ČSN EN ISO 9241-13";"Opr.1";"Ergonomické požadavky na kancelářské práce se zobrazovacími terminály - Část 13: Vedení uživatelů";833582;"II.00";""
60785;"ČSN EN ISO 9241-9";;"Ergonomické požadavky na kancelářské práce se zobrazovacími terminály - Část 9: Požadavky na vstupní zařízení - s výjimkou klávesnic";833582;"XII.00";""
60043;"ČSN EN ISO 9241-6";;"Ergonomické požadavky na kancelářské práce se zobrazovacími terminály - Část 6: Požadavky na pracovní prostředí";833582;"X.00";""
83166;"ČSN EN ISO 9241-302";;"Ergonomie systémových interakcí člověka - Část 302: Terminologie pro elektronické zobrazovací displeje";833582;"V.09";""
91104;"ČSN EN 1540";;"Expozice pracoviště - Terminologie";833610;"IX.13";""
88311;"ČSN EN 14588";;"Tuhá biopaliva - Terminologie, definice a popis";838200;"VI.11";""
92266;"ČSN EN 16214-1";;"Kritéria udržitelnosti pro výrobu biopaliv a biokapalin pro energetické využití - Zásady, kritéria, ukazatele a ověřovatelé - Část 1: Terminologie";838260;"II.13";""
88984;"ČSN EN 15357";;"Tuhá alternativní paliva - Terminologie, definice a popis";838300;"IX.11";""
58601;"ČSN IEC 788";"Opr.1";"Lékařská radiologie - Terminologie";840003;"IV.00";""
89224;"ČSN EN ISO 9999";;"Pomůcky pro osoby se zdravotním postižením - Klasifikace a terminologie";841001;"XII.11";""
83422;"ČSN EN ISO 9170-2";;"Terminální jednotky pro potrubní rozvody medicinálních plynů - Část 2: Terminální jednotky pro systémy odvodu anestetického plynu";852761;"V.09";""
83424;"ČSN EN ISO 9170-1";;"Terminální jednotky pro potrubní rozvody medicinálních plynů - Část 1: Terminální jednotky pro stlačené medicinální plyny a podtlak";852761;"V.09";""
83425;"ČSN EN ISO 15002";;"Přístroje k měření průtoku pro připojení k terminálním jednotkám potrubních rozvodů medicinálních plynů";852765;"V.09";""
60418;"ČSN ISO/IEC 16509";;"Informační technologie - Terminologie roku 2000";979705;"XII.00";""
85256;"ČSN P ISO/TS 19104";;"Geografická informace - Terminologie";979823;"III.10";""
80484;"ČSN EN 15521";;"Zdravotnická informatika - Struktura kategorií pro terminologii anatomie člověka";980018;"VII.08";""
58744;"ČSN ENV 12611";;"Zdravotnická informatika - Hlavní pojmové třídy společné struktury terminologických systémů - Zdravotnické prostředky";981002;"VIII.00";""
91899;"ČSN EN ISO 1828";;"Kategoriální struktura pro terminologické systémy chirurgických zákroků";981020;"II.13";""
71010;"ČSN EN ISO 18104";;"Zdravotnická informatika - Integrace modelu referenční terminologie pro ošetřování";981022;"VIII.04";""
89990;"ČSN ISO/HL7 27951";;"Zdravotnická informatika - Služby společné terminologie, 1. vydání";981028;"II.12";""
"Katalog";"Označení";"Označení změny";"Název";"Třídící znak";"Věstník vydání";"Datum zrušení"
63520;"ČSN ISO 832";;"Informace a dokumentace - Bibliografický popis a citace - Pravidla zkracování bibliografických termínů";10149;"XII.01";""
85042;"ČSN ISO 3534-1";;"Statistika - Slovník a značky - Část 1: Obecné statistické termíny a termíny používané v pravděpodobnosti";10216;"IV.10";""
89899;"ČSN ISO 7626-1";;"Vibrace a rázy - Experimentální určování mechanické pohyblivosti - Část 1: Základní termíny a definice, specifikace snímačů";11416;"I.12";""
87572;"ČSN P CEN ISO/TS 27687";;"Nanotechnologie - Termíny a definice nanoobjektů - Nanočástice, nanovlákno a nanodeska";12011;"III.11";""
91892;"ČSN EN ISO 10209";;"Technické výkresy - Terminologie - Termíny vztahující se k technickým výkresům, definici produktu a související dokumentaci";13101;"II.13";""
74581;"ČSN EN 61360-4 ed. 2";;"Normalizované typy datových prvků s klasifikačním schématem pro elektrické komponenty - Část 4: Seznam odkazů IEC na normalizované typy datových prvků, třídy komponentů a termíny";13720;"XII.05";""
59783;"ČSN EN ISO 14660-1";;"Geometrické požadavky na výrobky (GPS) - Geometrické prvky - Část 1: Všeobecné termíny a definice";14121;"X.00";""
85084;"ČSN EN ISO 4287";"A1";"Geometrické požadavky na výrobky (GPS) - Struktura povrchu: Profilová metoda - Termíny, definice a parametry struktury povrchu";14450;"II.10";""
92012;"ČSN EN ISO 25178-2";;"Geometrické specifikace produktu (GPS) - Textura povrchu: Plocha - Část 2: Termíny, definice a parametry textury povrchu";14451;"XII.12";""
59525;"ČSN EN ISO 8785";;"Geometrické požadavky na výrobky (GPS) - Nedokonalosti povrchu - Termíny, definice a parametry";14456;"VIII.00";""
57960;"ČSN EN 1330-2";;"Nedestruktivní zkoušení - Terminologie - Část 2: Společné termíny pro metody nedestruktivního zkoušení";15005;"I.00";""
58388;"ČSN EN 1330-1";;"Nedestruktivní zkoušení - Terminologie - Část 1: Všeobecné termíny";15005;"III.00";""
86213;"ČSN EN 1330-4";;"Nedestruktivní zkoušení - Terminologie - Část 4: Termíny používané při zkoušení ultrazvukem";15005;"VII.10";""
90647;"ČSN EN 16018";;"Nedestruktivní zkoušení - Terminologie - Termíny používané při zkoušení ultrazvukem technikou phased array";15005;"V.12";""
80014;"ČSN EN 1330-11";;"Nedestruktivní zkoušení - Terminologie - Část 11: Termíny používané při rentgenové difrakci polykrystalických a amorfních materiálů";15005;"XII.07";""
84581;"ČSN EN 1330-9";;"Nedestruktivní zkoušení - Terminologie - Část 9: Termíny používané při zkoušení akustickou emisí";15005;"XII.09";""
73707;"ČSN EN 1330-7";;"Nedestruktivní zkoušení - Terminologie - Část 7: Termíny používané při zkoušení magnetickou metodou práškovou";15005;"VIII.05";""
68446;"ČSN EN 1330-10";;"Nedestruktivní zkoušení - Terminologie - Část 10: Termíny používané při vizuální kontrole";15005;"IX.03";""
73377;"ČSN ISO 1132-1";;"Valivá ložiska - Tolerance - Část 1: Termíny a definice";24602;"VI.05";""
57898;"ČSN EN ISO 8044";;"Koroze kovů a slitin - Základní termíny a definice";38001;"I.00";""
73221;"ČSN EN ISO 17659";;"Svařování - Vícejazyčný slovník termínů svarových spojů se zobrazením";50008;"VI.05";""
69698;"ČSN EN 1792";;"Svařování - Vícejazyčný seznam termínů ze svařování a příbuzných procesů";50009;"IV.04";""
68118;"ČSN EN 13622";;"Zařízení pro plamenové svařování - Terminologie - Termíny používané v  plamenovém svařování";50015;"IX.03";""
93655;"ČSN EN ISO 17769-2";;"Kapalinová čerpadla a čerpací zařízení - Obecné termíny, definice, veličiny, písemné značky a jednotky - Část 2: Čerpací systém";110001;"VIII.13";""
93658;"ČSN EN ISO 17769-1";;"Kapalinová čerpadla a čerpací zařízení - Obecné termíny, definice, veličiny, písemné značky a jednotky - Část 1: Kapalinová čerpadla";110001;"VIII.13";""
81893;"ČSN EN 736-3";;"Armatury - Terminologie - Část 3: Definice termínů";133001;"IX.08";""
86111;"ČSN EN 15714-1";;"Průmyslové armatury - Pohony - Část 1: Termíny a definice";133096;"VI.10";""
78583;"ČSN EN 15218";;"Klimatizátory vzduchu a jednotky pro chlazení kapalin s odpařovacími  kondenzátory a s elektricky poháněnými kompresory pro chlazení prostoru - Termíny, definice, zkušební podmínky, zkušební metody a požadavky";143000;"V.07";""
90511;"ČSN EN 14511-1";;"Klimatizátory vzduchu, jednotky pro chlazení kapalin a tepelná čerpadla s elektricky poháněnými kompresory pro ohřívání a chlazení prostoru - Část 1: Termíny a definice";143010;"V.12";""
74721;"ČSN EN ISO 11807-2";;"Integrovaná optika - Slovník - Část 2: Termíny používané pro klasifikaci";193002;"XII.05";""
74722;"ČSN EN ISO 11807-1";;"Integrovaná optika - Slovník - Část 1: Základní termíny a symboly";193002;"XII.05";""
75770;"ČSN EN ISO 7998";;"Oční optika - Brýlové obruby - Seznam ekvivalentních termínů a slovník";195100;"V.06";""
77935;"ČSN EN ISO 21183-2";;"Lehké dopravní pásy - Část 2: Přehled ekvivalentních termínů";260392;"VI.07";""
87268;"ČSN EN 15878";;"Ocelové statické skladovací systémy - Termíny a definice";269638;"I.11";""
92345;"ČSN EN ISO 6165";;"Stroje pro zemní práce - Základní typy - Identifikace, termíny a definice";277400;"IV.13";""
80373;"ČSN EN 15144";;"Zařízení pro zimní údržbu - Terminologie - Termíny pro zimní údržbu";277402;"II.08";""
86362;"ČSN ISO 10263-1";;"Stroje pro zemní práce - Prostředí v kabině obsluhy - Část 1: Termíny a definice";277963;"VII.10";""
67689;"ČSN EN 13878";;"Obytná vozidla pro volný čas - Termíny a definice";300010;"VIII.03";""
90001;"ČSN EN 12665";;"Světlo a osvětlení - Základní termíny a kritéria pro stanovení požadavků na osvětlení";360001;"III.12";""
89794;"ČSN CLC/TS 61836";;"Solární fotovoltaické energetické systémy - Termíny, definice a značky";364600;"III.12";""
92696;"ČSN EN 13237";;"Prostředí s nebezpečím výbuchu - Termíny a definice pro zařízení a ochranné systémy určené pro použití v prostředí s nebezpečím výbuchu";389631;"IV.13";""
71126;"ČSN EN 10266";;"Ocelové trubky, tvarovky a konstrukční duté profily - Symboly a definice termínů  pro použití v normách na výrobky";420048;"IX.04";""
68320;"ČSN EN 14057";;"Olovo a slitiny olova - Odpady - Termíny a definice";421377;"IX.03";""
73314;"ČSN EN 12258-2";;"Hliník a slitiny hliníku - Termíny a definice - Část 2: Chemický rozbor";421403;"VI.05";""
69556;"ČSN EN 12258-3";;"Hliník a slitiny hliníku - Termíny a definice - Část 3: Odpad";421403;"II.04";""
73562;"ČSN EN 12258-4";;"Hliník a slitiny hliníku - Termíny a definice - Část 4: Odpad hliníkárenského průmyslu";421403;"VII.05";""
92230;"ČSN EN 12258-1";;"Hliník a slitiny hliníku - Termíny a definice - Část 1: Obecné termíny";421403;"III.13";""
63983;"ČSN ISO 1213-1";;"Tuhá paliva - Terminologie - Část 1: Termíny vztahující se k úpravě uhlí";441319;"VI.02";""
72969;"ČSN 46 3090";;"Doporučené termíny a definice vad pro normy na suché ovoce (ořechy ve skořápce a jádra ořechů) a na sušené ovoce";463090;"V.05";""
29029;"ČSN 46 5330";;"Ochrana prírody. Pozemky. Termíny a definície v oblasti rekultivácie pozemkov";465330;;""
73517;"ČSN ISO 6814";;"Lesnické stroje - Mobilní a samojízdné stroje - Termíny, definice a třídění";476000;"VII.05";""
75354;"ČSN EN 1001-1";;"Trvanlivost dřeva a materiálů na bázi dřeva - Terminologie - Část 1: Seznam ekvivalentních termínů";490001;"III.06";""
89533;"ČSN EN 131-1+A1";;"Žebříky - Část 1: Termíny, typy, funkční rozměry";493830;"XII.11";""
29562;"ČSN 57 6010";;"Maso a masné výrobky. Termíny a definice";576010;;""
73181;"ČSN 63 1001";;"Pneumatiky - Termíny a definice";631001;"VI.05";""
69699;"ČSN EN 12944-3";;"Hnojiva a materiály k vápnění půd - Slovník - Část 3: Termíny vztahující se k materiálům pro vápnění půd";654800;"III.04";""
64244;"ČSN EN 12944-1";;"Hnojiva a materiály k vápnění půd - Slovník - Část 1: Všeobecné termíny";654800;"V.02";""
64245;"ČSN EN 12944-2";;"Hnojiva a materiály k vápnění půd - Slovník - Část 2: Termíny vztahující se ke hnojivům";654800;"V.02";""
66643;"ČSN ISO 1998-7";;"Ropný průmysl - Terminologie - Část 7: Různé termíny";656000;"V.03";""
82159;"ČSN EN 923+A1";;"Lepidla - Termíny a definice";668501;"XI.08";""
62968;"ČSN EN 12701";;"Strukturní lepidla - Skladování - Definice termínů vztahujících se k době zpracovatelnosti strukturních lepidel a příbuzných materiálů";668580;"I.02";""
80231;"ČSN EN ISO 4618";;"Nátěrové hmoty - Termíny a definice";670010;"II.08";""
78877;"ČSN EN ISO 16773-1";;"Nátěrové hmoty - Elektrochemická impedanční spektroskopie pro vzorky s povlaky s vysokou impedancí - Část 1: Termíny a definice";673006;"X.07";""
73453;"ČSN EN ISO 8655-1";;"Pístové objemové odměrné přístroje - Část 1: Termíny, všeobecné požadavky a doporučení pro uživatele";704255;"VII.05";""
83689;"ČSN EN ISO 8655-1";"Opr.1";"Pístové objemové odměrné přístroje - Část 1: Termíny, všeobecné požadavky a doporučení pro uživatele";704255;"VIII.09";""
86043;"ČSN EN 14232";;"Speciální technická keramika - Termíny, definice a zkratky";727500;"V.10";""
82337;"ČSN P ISO 6707-1";;"Pozemní a inženýrské stavby - Terminologie - Část 1: Obecné termíny";730000;"I.09";""
77506;"ČSN EN 14383-1";;"Prevence kriminality - Plánování městské výstavby a navrhování budov - Část 1: Definice specifických termínů";734400;"I.07";""
77518;"ČSN ISO 20252";;"Studie trhu, veřejného mínění a sociální studie - Požadavky na služby, termíny a definice";761601;"XI.07";""
78741;"ČSN EN 15221-1";;"Facility management - Část 1: Termíny a definice";762001;"VI.07";""
73938;"ČSN 77 0000";;"Obaly - Základní termíny";770000;"IX.05";""
68630;"ČSN EN 14182";;"Obaly - Terminologie - Základní termíny a definice";770004;"XI.03";""
67351;"ČSN EN ISO 105-A08";;"Textilie - Zkoušky stálobarevnosti - Část A08: Slovník termínů používaných při měření barevnosti";800195;"VI.03";""
75367;"ČSN EN ISO 10318";;"Geosyntetika - Termíny a definice";806172;"III.06";""
68787;"ČSN EN ISO 1107";;"Rybářské sítě - Síťovina - Základní termíny a definice";806417;"X.03";""
74312;"ČSN EN 1885 + A1";;"Peří a prachové peří - Termíny a definice";808806;"X.05";""
83059;"ČSN EN 1005-1+A1";;"Bezpečnost strojních zařízení - Fyzická výkonnost člověka - Část 1: Termíny a definice";833503;"IV.09";""
60646;"ČSN ISO 10075";"Z1";"Ergonomické zásady ve vztahu k mentální pracovní zátěži. Všeobecné termíny a definice";833572;"XI.00";""
85046;"ČSN EN ISO 15883-1";;"Mycí a dezinfekční zařízení - Část 1: Všeobecné požadavky, termíny, definice a zkoušky";847150;"I.10";""
90436;"ČSN EN ISO 18113-1";;"Diagnostické zdravotnické prostředky in vitro - Informace poskytované výrobcem (označování štítky) - Část 1: Termíny, definice a obecné požadavky";857027;"IV.12";""
77600;"ČSN ISO 12637-1";;"Technologie grafické výroby - Slovník - Část 1: Základní termíny";883001;"I.07";""
91163;"ČSN EN 15898";;"Ochrana kulturního dědictví - Základní obecné termíny a definice";961509;"VIII.12";""
92783;"ČSN EN ISO/IEC 19762-1";;"Informační technologie - Automatická identifikace a techniky sběru dat (AIDC) - Harmonizovaný slovník - Část 1: Obecné termíny vztahující se k AIDC";977126;"VI.13";""
85856;"ČSN EN 13606-3";;"Zdravotnická informatika - Přenos elektronických zdravotních záznamů - Část 3: Referenční archetypy a seznamy termínů";981015;"VIII.10";""

